category,comment
1,今日もいつものペースで進められていますね。落ち着いた良いペースです。
1,日々の学習量が安定していて、とても安心感のある続け方ですね。
1,無理のないペースがしっかり定着してきています。このリズム、大切にしましょう。
1,バランスのとれた学習が続いています。心にもゆとりがありそうですね。
1,「ちょうどいい量」を保てているのが素敵です。自分に合った習慣になっています。
1,今日も安定した学習量。コツコツ型の強みが生きていますね。
1,大きな上下が少ない、安心できるグラフになっていますね。とても堅実な続け方です。
1,積み重ねが“なめらかな線”になってきています。この安定感は大きな財産です。
1,マイペースな継続ができていますね。心も体も無理していない良い状態です。
1,学習量の波が小さくて、毎日が整ったリズムになっています。その調子です。
2,いつもより少し多めの学習ですね。バランスを保ちながら、良いアクセントになっています。
2,今日は少しだけギアを上げられましたね。無理のない範囲での前進、すばらしいです。
2,ほんの少し増えただけでも、積み重なると大きな自信につながりますね。
2,ベースは安定、その上に少しプラス。とても安心感のある伸ばし方です。
2,自分のペースを守りながら、ちょっとだけチャレンジできましたね。ナイスバランスです。
2,学習量が緩やかに増えています。焦りではなく、落ち着いた向上心を感じます。
2,小さな“プラス”が、心地よい達成感につながっていますね。
2,今日の増加は、明日以降の安定したペースづくりにも役立ちそうです。
3,今日は少しペースを落としていますね。休みながら続けられているのがとても良いです。
3,学習量が減った日も、グラフがつながっていること自体が立派な継続です。
3,その日の体調や気持ちに合わせて調整できているのが、長く続く人の特徴です。
3,少なめの日があることで、全体のバランスが整います。安心してマイペースでいきましょう。
3,「今日はこのくらいで大丈夫」と線を引けるのも、とても大切な力です。
3,減った日も含めて、あなたのリズムです。全体として安定していれば問題ありません。
3,ほんの少しでも単語に触れられていること自体が、習慣の維持につながっています。
3,がんばりすぎない日があるからこそ、明日も続けられます。良いペース調整ですね。
4,間があいても、また戻ってこられたことが一番の“安定力”です。おかえりなさい。
4,再開できたこと自体が、強い習慣の土台になっています。とても大切な一歩です。
4,グラフが再び動き出しましたね。止まっても、また動けば大丈夫です。
4,一度リズムを崩しても、落ち着いて戻せるのは、バランス感覚がある証拠です。
4,ペースを取り戻そうとしている姿勢が、長期的な安定につながっていきます。
4,「また少しずつ始めよう」と思えた、その気持ちが何より大切です。